Sample File, Sample Name, Run Name, Panel, Marker, Dye, Allele 1, Allele 2, Size 1, Size 2, Height 1, Height 2, Peak Area 1, Peak Area 2, GQ, CV, UD1, UD2, UD3, 
frag_015_A01.fsa, MP1-AL-025, 20171024, MP1_SP, AinD119, B, 179, 191, 178.4, 190.65, 5905, 5986, 27676.0, 27232.0, 0.3945, , , , , 
frag_013_B01.fsa, MP1-AL-026, 20171024, MP1_SP, AinD119, B, 191, 203, 190.65, 202.83, 6302, 5290, 28833.0, 26263.0, 0.3945, , , , , 
frag_011_C01.fsa, MP1-AL-027, 20171024, MP1_SP, AinD119, B, 191, 203, 190.56, 202.7, 1847, 1598, 16230.0, 15050.0, 0.7889, , , , , 
frag_009_D01.fsa, MP1-AL-028, 20171024, MP1_SP, AinD119, B, 191, 203, 190.97, 202.89, 4383, 3681, 41329.0, 36990.0, 0.7889, , , , , 
frag_007_E01.fsa, MP1-AL-029, 20171024, MP1_SP, AinD119, B, 191, 203, 190.61, 202.75, 2030, 2050, 21492.0, 22487.0, 0.3944, , , , , 
frag_005_F01.fsa, MP1-AL-030, 20171024, MP1_SP, AinD119, B, 199, 203, 198.77, 202.66, 4113, 3836, 35772.0, 33864.0, 0.7889, , , , , 
frag_003_G01.fsa, MP1-AL-031, 20171024, MP1_SP, AinD119, B, 199, 203, 198.91, 202.95, 4038, 3718, 33334.0, 31741.0, 0.7099, , , , , 
frag_001_H01.fsa, MP1-AL-032, 20171024, MP1_SP, AinD119, B, 191, 199, 191.01, 198.92, 849, 900, 8848.0, 9234.0, 0.3945, , , , , 
frag_002_H02.fsa, MP1-AL-033, 20171024, MP1_SP, AinD119, B, 191, 203, 190.65, 202.68, 3104, 2863, 30466.0, 29853.0, 0.3944, , , , , 
frag_004_G02.fsa, MP1-AL-034, 20171024, MP1_SP, AinD119, B, 191, 199, 190.55, 198.56, 1276, 1243, 12960.0, 12736.0, 0.3944, , , , , 
frag_006_F02.fsa, MP1-AL-035, 20171024, MP1_SP, AinD119, B, 199, 203, 198.57, 202.56, 3592, 3351, 31018.0, 30667.0, 0.7889, , , , , 
frag_008_E02.fsa, MP1-AL-036, 20171024, MP1_SP, AinD119, B, 191, 203, 190.61, 202.73, 1617, 1384, 17798.0, 16534.0, 0.3943, , , , , 
frag_010_D02.fsa, MP1-AL-037, 20171024, MP1_SP, AinD119, B, 179, 191, 178.46, 190.52, 2677, 2443, 27218.0, 25294.0, 0.3116, , , , , 
frag_012_C02.fsa, MP1-AL-038, 20171024, MP1_SP, AinD119, B, 191, 199, 190.67, 198.72, 3524, 2725, 29180.0, 23814.0, 0.7888, , , , , 
frag_014_B02.fsa, MP1-AL-039, 20171024, MP1_SP, AinD119, B, 191, 199, 190.42, 198.51, 3073, 3276, 22654.0, 25676.0, 0.7889, , , , , 
frag_016_A02.fsa, MP1-AL-040, 20171024, MP1_SP, AinD119, B, 179, 199, 178.41, 198.69, 2121, 1905, 17159.0, 15940.0, 0.7889, , , , , 
frag_017_H03.fsa, MP1-AL-041, 20171024, MP1_SP, AinD119, B, 179, 179, 178.5, 178.5, 9097, 9097, 72806.0, 72806.0, 0.7889, , , , , 
frag_019_G03.fsa, MP1-AL-042, 20171024, MP1_SP, AinD119, B, 203, 203, 202.71, 202.71, 3424, 3424, 28523.0, 28523.0, 1.0, , , , , 
frag_021_F03.fsa, MP1-AL-043, 20171024, MP1_SP, AinD119, B, 199, 199, 198.7, 198.7, 7876, 7876, 77381.0, 77381.0, 0.7889, , , , , 
frag_023_E03.fsa, MP1-AL-044, 20171024, MP1_SP, AinD119, B, 199, 203, 198.55, 202.57, 3167, 2916, 22033.0, 20425.0, 0.1405, , , , , 
frag_025_D03.fsa, MP1-AL-045, 20171024, MP1_SP, AinD119, B, 191, 203, 190.63, 202.77, 3150, 2665, 28379.0, 26275.0, 0.6245, , , , , 
frag_027_C03.fsa, MP1-AL-046, 20171024, MP1_SP, AinD119, B, 191, 199, 190.41, 198.68, 3073, 2650, 22385.0, 19614.0, 0.7889, , , , , 
frag_029_B03.fsa, MP1-AL-047, 20171024, MP1_SP, AinD119, B, 191, 199, 190.71, 198.7, 6804, 5924, 50060.0, 45981.0, 0.71, , , , , 
frag_031_A03.fsa, MP1-AL-048, 20171024, MP1_SP, AinD119, B, 191, 207, 190.46, 206.7, 8955, 7491, 49054.0, 41311.0, 0.3945, , , , , 
frag_020_G04.fsa, MP1-AL-049, 20171024, MP1_SP, AinD119, B, 179, 199, 178.54, 198.57, 1704, 1395, 11105.0, 10347.0, 0.281, , , , , 
frag_022_F04.fsa, MP1-AL-050, 20171024, MP1_SP, AinD119, B, 203, 203, 202.82, 202.82, 1857, 1857, 20428.0, 20428.0, 1.0, , , , , 
frag_024_E04.fsa, MP1-AL-051, 20171024, MP1_SP, AinD119, B, 191, 199, 190.69, 198.67, 2179, 2017, 20424.0, 19040.0, 0.71, , , , , 
frag_026_D04.fsa, MP1-AL-052, 20171024, MP1_SP, AinD119, B, 191, 199, 190.45, 198.52, 4157, 3591, 22602.0, 21138.0, 0.3945, , , , , 
frag_028_C04.fsa, MP1-AL-053, 20171024, MP1_SP, AinD119, B, 199, 203, 198.57, 202.59, 5354, 5457, 24385.0, 24801.0, 0.3945, , , , , 
frag_030_B04.fsa, MP1-AL-054, 20171024, MP1_SP, AinD119, B, 191, 203, 190.5, 202.61, 1840, 1744, 12624.0, 12219.0, 0.3945, , , , , 
frag_032_A04.fsa, MP1-AL-055, 20171024, MP1_SP, AinD119, B, 199, 199, 198.7, 198.7, 2835, 2835, 26070.0, 26070.0, 1.0, , , , , 
frag_018_H04.fsa, MP1-Blank, 20171024, MP1_SP, AinD119, B, , , , , , , , , 1.0, , , , , 
frag_015_A01.fsa, AL-001, 20171030_SPP1, MP1_SP, AinD119, B, , , , , , , , , 1.0, , , , , 
frag_013_B01.fsa, AL-002, 20171030_SPP1, MP1_SP, AinD119, B, , , , , , , , , 1.0, , , , , 
frag_011_C01.fsa, AL-003, 20171030_SPP1, MP1_SP, AinD119, B, , , , , , , , , 1.0, , , , , 
frag_009_D01.fsa, AL-004, 20171030_SPP1, MP1_SP, AinD119, B, , , , , , , , , 1.0, , , , , 
frag_007_E01.fsa, AL-005, 20171030_SPP1, MP1_SP, AinD119, B, , , , , , , , , 1.0, , , , , 
frag_005_F01.fsa, AL-006, 20171030_SPP1, MP1_SP, AinD119, B, , , , , , , , , 1.0, , , , , 
frag_003_G01.fsa, AL-007, 20171030_SPP1, MP1_SP, AinD119, B, 199, 199, 198.78, 198.78, 3964, 3964, 45516.0, 45516.0, 0.3943, , , , , 
frag_001_H01.fsa, AL-008, 20171030_SPP1, MP1_SP, AinD119, B, 199, 199, 198.78, 198.78, 4573, 4573, 54825.0, 54825.0, 1.0, , , , , 
frag_016_A02.fsa, AL-009, 20171030_SPP1, MP1_SP, AinD119, B, 199, 203, 198.75, 202.8, 3679, 3428, 28780.0, 29275.0, 0.7888, , , , , 
frag_014_B02.fsa, AL-010, 20171030_SPP1, MP1_SP, AinD119, B, 191, 203, 190.73, 202.68, 3395, 3446, 33324.0, 36904.0, 0.3123, , , , , 
frag_012_C02.fsa, AL-011, 20171030_SPP1, MP1_SP, AinD119, B, 191, 199, 190.73, 198.59, 3425, 3324, 35923.0, 34511.0, 0.7888, , , , , 
frag_010_D02.fsa, AL-012, 20171030_SPP1, MP1_SP, AinD119, B, , , , , , , , , 1.0, , , , , 
frag_008_E02.fsa, AL-013, 20171030_SPP1, MP1_SP, AinD119, B, 199, 203, 198.76, 202.82, 2628, 2668, 27048.0, 29795.0, 0.3944, , , , , 
frag_006_F02.fsa, AL-014, 20171030_SPP1, MP1_SP, AinD119, B, , , , , , , , , 1.0, , , , , 
frag_004_G02.fsa, AL-015, 20171030_SPP1, MP1_SP, AinD119, B, , , , , , , , , 1.0, , , , , 
frag_002_H02.fsa, AL-016, 20171030_SPP1, MP1_SP, AinD119, B, , , , , , , , , 1.0, , , , , 
frag_031_A03.fsa, AL-017, 20171030_SPP1, MP1_SP, AinD119, B, , , , , , , , , 1.0, , , , , 
frag_029_B03.fsa, AL-018, 20171030_SPP1, MP1_SP, AinD119, B, , , , , , , , , 1.0, , , , , 
frag_027_C03.fsa, AL-019, 20171030_SPP1, MP1_SP, AinD119, B, 191, 203, 190.53, 202.56, 2461, 2531, 25847.0, 29742.0, 0.3914, , , , , 
frag_025_D03.fsa, AL-020, 20171030_SPP1, MP1_SP, AinD119, B, , , , , , , , , 1.0, , , , , 
frag_023_E03.fsa, AL-021, 20171030_SPP1, MP1_SP, AinD119, B, 191, 203, 190.56, 202.55, 3209, 2914, 33504.0, 34480.0, 0.3943, , , , , 
frag_021_F03.fsa, AL-022, 20171030_SPP1, MP1_SP, AinD119, B, 179, 191, 178.48, 190.68, 5792, 4766, 48449.0, 39392.0, 0.7889, , , , , 
frag_019_G03.fsa, AL-023, 20171030_SPP1, MP1_SP, AinD119, B, 179, 191, 178.65, 190.71, 2913, 2620, 31795.0, 28931.0, 0.3122, , , , , 
frag_017_H03.fsa, AL-024, 20171030_SPP1, MP1_SP, AinD119, B, 191, 203, 190.78, 202.67, 2770, 2669, 29494.0, 31013.0, 0.3944, , , , , 
frag_032_A04.fsa, AL-025, 20171030_SPP1, MP1_SP, AinD119, B, 179, 191, 178.43, 190.51, 6129, 5484, 43631.0, 39505.0, 1.0, , , , , 
frag_030_B04.fsa, AL-026, 20171030_SPP1, MP1_SP, AinD119, B, 191, 203, 190.57, 202.54, 4460, 4156, 41280.0, 41470.0, 0.7889, , , , , 
frag_028_C04.fsa, AL-027, 20171030_SPP1, MP1_SP, AinD119, B, 191, 203, 190.57, 202.52, 2558, 2452, 20986.0, 22672.0, 0.7888, , , , , 
frag_026_D04.fsa, AL-028, 20171030_SPP1, MP1_SP, AinD119, B, 191, 203, 190.62, 202.68, 9338, 8309, 61812.0, 60423.0, 1.0, , , , , 
frag_024_E04.fsa, AL-029, 20171030_SPP1, MP1_SP, AinD119, B, 191, 203, 190.53, 202.57, 3450, 3197, 35021.0, 35270.0, 0.3942, , , , , 
frag_022_F04.fsa, AL-030, 20171030_SPP1, MP1_SP, AinD119, B, 199, 203, 198.56, 202.55, 3589, 3301, 38091.0, 38434.0, 0.3122, , , , , 
frag_020_G04.fsa, AL-031, 20171030_SPP1, MP1_SP, AinD119, B, 199, 203, 198.59, 202.67, 3754, 3596, 35218.0, 36160.0, 0.7888, , , , , 
frag_018_H04.fsa, AL-032, 20171030_SPP1, MP1_SP, AinD119, B, 191, 199, 190.57, 198.59, 2002, 1888, 19162.0, 18452.0, 1.0, , , , , 
frag_047_A05.fsa, AL-033, 20171030_SPP1, MP1_SP, AinD119, B, 191, 203, 190.75, 202.71, 4945, 4908, 47296.0, 51283.0, 0.3945, , , , , 
frag_045_B05.fsa, AL-034, 20171030_SPP1, MP1_SP, AinD119, B, 191, 199, 190.59, 198.57, 3205, 3144, 31854.0, 31401.0, 1.0, , , , , 
frag_043_C05.fsa, AL-035, 20171030_SPP1, MP1_SP, AinD119, B, 199, 203, 198.72, 202.71, 3700, 3622, 37953.0, 39941.0, 0.3944, , , , , 
frag_041_D05.fsa, AL-036, 20171030_SPP1, MP1_SP, AinD119, B, 191, 203, 190.65, 202.73, 2968, 2883, 30829.0, 33353.0, 0.3944, , , , , 
frag_039_E05.fsa, AL-037, 20171030_SPP1, MP1_SP, AinD119, B, 179, 191, 178.54, 190.75, 3903, 3450, 37963.0, 35020.0, 0.7888, , , , , 
frag_037_F05.fsa, AL-038, 20171030_SPP1, MP1_SP, AinD119, B, 191, 199, 190.57, 198.59, 3666, 3492, 41807.0, 38602.0, 0.3945, , , , , 
frag_035_G05.fsa, AL-039, 20171030_SPP1, MP1_SP, AinD119, B, 191, 199, 190.72, 198.77, 10692, 11074, 55070.0, 55514.0, 1.0, , , , , 
frag_033_H05.fsa, AL-040, 20171030_SPP1, MP1_SP, AinD119, B, 179, 199, 178.43, 198.61, 3442, 2713, 31757.0, 27970.0, 0.7888, , , , , 
frag_048_A06.fsa, AL-041, 20171030_SPP1, MP1_SP, AinD119, B, 179, 179, 178.45, 178.45, 13699, 13699, 115372.0, 115372.0, 1.0, , , , , 
frag_046_B06.fsa, AL-042, 20171030_SPP1, MP1_SP, AinD119, B, 203, 203, 202.7, 202.7, 720, 720, 7413.0, 7413.0, 1.0, , , , , 
frag_044_C06.fsa, AL-043, 20171030_SPP1, MP1_SP, AinD119, B, 199, 199, 198.56, 198.56, 10074, 10074, 102347.0, 102347.0, 1.0, , , , , 
frag_042_D06.fsa, AL-044, 20171030_SPP1, MP1_SP, AinD119, B, 199, 203, 198.73, 202.85, 2804, 2991, 27470.0, 31042.0, 0.3943, , , , , 
frag_040_E06.fsa, AL-045, 20171030_SPP1, MP1_SP, AinD119, B, 191, 203, 190.69, 202.82, 6109, 5822, 41722.0, 47077.0, 0.7889, , , , , 
frag_038_F06.fsa, AL-046, 20171030_SPP1, MP1_SP, AinD119, B, 191, 199, 190.7, 198.72, 2231, 2188, 23363.0, 22400.0, 0.3944, , , , , 
frag_036_G06.fsa, AL-047, 20171030_SPP1, MP1_SP, AinD119, B, 191, 199, 190.68, 198.58, 3958, 3925, 40584.0, 39135.0, 0.3123, , , , , 
frag_034_H06.fsa, AL-048, 20171030_SPP1, MP1_SP, AinD119, B, 191, 207, 190.67, 206.71, 7692, 6211, 69149.0, 60752.0, 0.7889, , , , , 
frag_063_A07.fsa, AL-049, 20171030_SPP1, MP1_SP, AinD119, B, 179, 199, 178.49, 198.57, 2935, 2558, 26505.0, 25821.0, 0.7888, , , , , 
frag_061_B07.fsa, AL-050, 20171030_SPP1, MP1_SP, AinD119, B, 203, 203, 202.57, 202.57, 3808, 3808, 40471.0, 40471.0, 1.0, , , , , 
frag_059_C07.fsa, AL-051, 20171030_SPP1, MP1_SP, AinD119, B, 191, 199, 190.48, 198.55, 2445, 2237, 23091.0, 23908.0, 0.3941, , , , , 
frag_057_D07.fsa, AL-052, 20171030_SPP1, MP1_SP, AinD119, B, 191, 199, 190.74, 198.57, 3670, 3529, 36702.0, 35823.0, 0.3943, , , , , 
frag_055_E07.fsa, AL-053, 20171030_SPP1, MP1_SP, AinD119, B, 199, 203, 198.58, 202.54, 3636, 3315, 37088.0, 37343.0, 1.0, , , , , 
frag_053_F07.fsa, AL-054, 20171030_SPP1, MP1_SP, AinD119, B, 191, 203, 190.72, 202.64, 3363, 2944, 28649.0, 28863.0, 0.7889, , , , , 
frag_051_G07.fsa, AL-055, 20171030_SPP1, MP1_SP, AinD119, B, 199, 199, 198.6, 198.6, 5758, 5758, 61645.0, 61645.0, 0.3942, , , , , 
frag_049_H07.fsa, AL-056, 20171030_SPP1, MP1_SP, AinD119, B, 191, 203, 190.63, 202.8, 4347, 3919, 40673.0, 41271.0, 0.7886, , , , , 
frag_064_A08.fsa, AL-057, 20171030_SPP1, MP1_SP, AinD119, B, , , , , , , , , 1.0, , , , , 
frag_062_B08.fsa, AL-058, 20171030_SPP1, MP1_SP, AinD119, B, 199, 203, 198.41, 202.42, 3341, 3145, 33505.0, 36066.0, 1.0, , , , , 
frag_060_C08.fsa, AL-059, 20171030_SPP1, MP1_SP, AinD119, B, 179, 203, 178.31, 202.58, 4212, 3629, 38196.0, 39477.0, 0.3944, , , , , 
frag_058_D08.fsa, AL-060, 20171030_SPP1, MP1_SP, AinD119, B, 191, 203, 190.54, 202.72, 3212, 3169, 31425.0, 33471.0, 0.3122, , , , , 
frag_056_E08.fsa, AL-061, 20171030_SPP1, MP1_SP, AinD119, B, 191, 203, 190.44, 202.74, 3863, 3983, 40279.0, 46495.0, 0.3122, , , , , 
frag_068_G10.fsa, NTC, 20171030_SPP1, MP1_SP, AinD119, B, , , , , , , , , 1.0, , , , , 
frag_054_F08.fsa, WVR-001, 20171030_SPP1, MP1_SP, AinD119, B, 199, 207, 198.58, 206.73, 3752, 3393, 38408.0, 35089.0, 0.3945, , , , , 
frag_052_G08.fsa, WVR-002, 20171030_SPP1, MP1_SP, AinD119, B, 203, 207, 202.5, 206.57, 4750, 4453, 50273.0, 43141.0, 1.0, , , , , 
frag_050_H08.fsa, WVR-003, 20171030_SPP1, MP1_SP, AinD119, B, 203, 203, 202.83, 202.83, 8284, 8284, 95834.0, 95834.0, 1.0, , , , , 
frag_079_A09.fsa, WVR-004, 20171030_SPP1, MP1_SP, AinD119, B, 191, 203, 190.74, 202.83, 2940, 3173, 24438.0, 30893.0, 0.7888, , , , , 
frag_077_B09.fsa, WVR-005, 20171030_SPP1, MP1_SP, AinD119, B, 199, 207, 198.6, 206.57, 8937, 7669, 48427.0, 43275.0, 1.0, , , , , 
frag_075_C09.fsa, WVR-006, 20171030_SPP1, MP1_SP, AinD119, B, 199, 199, 198.71, 198.71, 6222, 6222, 61520.0, 61520.0, 1.0, , , , , 
frag_073_D09.fsa, WVR-007, 20171030_SPP1, MP1_SP, AinD119, B, 191, 203, 190.42, 202.52, 10081, 9691, 53887.0, 60668.0, 1.0, , , , , 
frag_071_E09.fsa, WVR-008, 20171030_SPP1, MP1_SP, AinD119, B, 187, 203, 186.5, 202.68, 4613, 4125, 40356.0, 37072.0, 0.7888, , , , , 
frag_069_F09.fsa, WVR-009, 20171030_SPP1, MP1_SP, AinD119, B, 191, 203, 190.73, 202.69, 3268, 2976, 28900.0, 29723.0, 0.7888, , , , , 
frag_067_G09.fsa, WVR-010, 20171030_SPP1, MP1_SP, AinD119, B, 191, 203, 190.48, 202.53, 4132, 3608, 40657.0, 40461.0, 0.3123, , , , , 
frag_065_H09.fsa, WVR-011, 20171030_SPP1, MP1_SP, AinD119, B, 187, 199, 186.69, 198.75, 5836, 5277, 56009.0, 43052.0, 0.7889, , , , , 
frag_080_A10.fsa, WVR-012, 20171030_SPP1, MP1_SP, AinD119, B, 199, 203, 198.75, 202.8, 5741, 5456, 29928.0, 31262.0, 1.0, , , , , 
frag_078_B10.fsa, WVR-013, 20171030_SPP1, MP1_SP, AinD119, B, 187, 203, 186.51, 202.56, 3669, 3250, 41701.0, 39011.0, 0.355, , , , , 
frag_076_C10.fsa, WVR-014, 20171030_SPP1, MP1_SP, AinD119, B, 191, 199, 190.63, 198.75, 8635, 8684, 48397.0, 49928.0, 1.0, , , , , 
frag_074_D10.fsa, WVR-015, 20171030_SPP1, MP1_SP, AinD119, B, 191, 203, 190.57, 202.52, 7545, 7382, 39760.0, 44711.0, 1.0, , , , , 
frag_072_E10.fsa, WVR-016, 20171030_SPP1, MP1_SP, AinD119, B, 199, 203, 198.73, 202.7, 3541, 3334, 27132.0, 29103.0, 0.7889, , , , , 
frag_070_F10.fsa, WVR-017, 20171030_SPP1, MP1_SP, AinD119, B, 199, 203, 198.59, 202.69, 7165, 6880, 48399.0, 50990.0, 1.0, , , , , 
frag_066_H10.fsa, WVR-018, 20171030_SPP1, MP1_SP, AinD119, B, 187, 203, 186.71, 202.85, 3547, 2883, 39782.0, 34270.0, 0.3122, , , , , 
frag_095_A11.fsa, WVR-019, 20171030_SPP1, MP1_SP, AinD119, B, 187, 203, 186.57, 202.6, 7250, 6092, 52285.0, 43045.0, 0.7889, , , , , 
frag_093_B11.fsa, WVR-020, 20171030_SPP1, MP1_SP, AinD119, B, 203, 203, 202.77, 202.77, 8657, 8657, 68547.0, 68547.0, 1.0, , , , , 
frag_091_C11.fsa, WVR-021, 20171030_SPP1, MP1_SP, AinD119, B, 199, 203, 198.61, 202.63, 3301, 3247, 27523.0, 29793.0, 0.7889, , , , , 
frag_089_D11.fsa, WVR-022, 20171030_SPP1, MP1_SP, AinD119, B, 203, 203, 202.64, 202.64, 6268, 6268, 62257.0, 62257.0, 0.7889, , , , , 
frag_087_E11.fsa, WVR-023, 20171030_SPP1, MP1_SP, AinD119, B, 199, 203, 198.63, 202.62, 5521, 5225, 34136.0, 36518.0, 1.0, , , , , 
frag_085_F11.fsa, WVR-024, 20171030_SPP1, MP1_SP, AinD119, B, 191, 203, 190.62, 202.77, 6236, 5046, 39684.0, 37800.0, 0.71, , , , , 
frag_083_G11.fsa, WVR-025, 20171030_SPP1, MP1_SP, AinD119, B, 199, 207, 198.77, 206.78, 6443, 6423, 37615.0, 36892.0, 1.0, , , , , 
frag_081_H11.fsa, WVR-026, 20171030_SPP1, MP1_SP, AinD119, B, 199, 203, 198.79, 202.91, 8623, 8175, 43252.0, 50729.0, 1.0, , , , , 
frag_096_A12.fsa, WVR-027, 20171030_SPP1, MP1_SP, AinD119, B, 199, 203, 198.66, 202.72, 4059, 4111, 35164.0, 37965.0, 0.3123, , , , , 
frag_094_B12.fsa, WVR-028, 20171030_SPP1, MP1_SP, AinD119, B, 187, 203, 186.56, 202.57, 6447, 5966, 52245.0, 48817.0, 0.6245, , , , , 
frag_092_C12.fsa, WVR-029, 20171030_SPP1, MP1_SP, AinD119, B, 187, 199, 186.56, 198.65, 8225, 7353, 44462.0, 39593.0, 1.0, , , , , 
frag_090_D12.fsa, WVR-030, 20171030_SPP1, MP1_SP, AinD119, B, 191, 203, 190.76, 202.74, 6608, 6104, 33874.0, 31874.0, 0.3945, , , , , 
frag_088_E12.fsa, WVR-031, 20171030_SPP1, MP1_SP, AinD119, B, 199, 203, 198.62, 202.78, 2937, 2785, 28106.0, 29848.0, 0.3944, , , , , 
frag_086_F12.fsa, WVR-032, 20171030_SPP1, MP1_SP, AinD119, B, 203, 203, 202.63, 202.63, 7401, 7401, 70813.0, 70813.0, 1.0, , , , , 
frag_084_G12.fsa, WVR-033, 20171030_SPP1, MP1_SP, AinD119, B, 187, 203, 186.55, 202.8, 3639, 3077, 34184.0, 31018.0, 0.7889, , , , , 
frag_082_H12.fsa, WVR-034, 20171030_SPP1, MP1_SP, AinD119, B, 199, 199, 198.8, 198.8, 15005, 15005, 76582.0, 76582.0, 1.0, , , , , 
frag_062_B08.fsa, BR-001, 20171101_SPP1, MP1_SP, AinD119, B, 179, 199, 178.41, 198.58, 2499, 1940, 23970.0, 20209.0, 0.7888, , , , , 
frag_060_C08.fsa, BR-002, 20171101_SPP1, MP1_SP, AinD119, B, 199, 199, 198.58, 198.58, 1397, 1397, 11707.0, 11707.0, 1.0, , , , , 
frag_058_D08.fsa, BR-003, 20171101_SPP1, MP1_SP, AinD119, B, 199, 199, 198.73, 198.73, 4559, 4559, 30830.0, 30830.0, 1.0, , , , , 
frag_056_E08.fsa, BR-004, 20171101_SPP1, MP1_SP, AinD119, B, 199, 199, 198.58, 198.58, 4257, 4257, 25604.0, 25604.0, 1.0, , , , , 
frag_054_F08.fsa, BR-005, 20171101_SPP1, MP1_SP, AinD119, B, 199, 199, 198.6, 198.6, 8052, 8052, 43939.0, 43939.0, 0.3945, , , , , 
frag_052_G08.fsa, BR-006, 20171101_SPP1, MP1_SP, AinD119, B, 199, 199, 198.77, 198.77, 3777, 3777, 28052.0, 28052.0, 1.0, , , , , 
frag_050_H08.fsa, BR-007, 20171101_SPP1, MP1_SP, AinD119, B, 199, 199, 198.76, 198.76, 5374, 5374, 42330.0, 42330.0, 0.7889, , , , , 
frag_079_A09.fsa, BR-008, 20171101_SPP1, MP1_SP, AinD119, B, 199, 199, 198.62, 198.62, 2357, 2357, 12647.0, 12647.0, 1.0, , , , , 
frag_077_B09.fsa, BR-009, 20171101_SPP1, MP1_SP, AinD119, B, 199, 199, 198.6, 198.6, 2641, 2641, 21989.0, 21989.0, 1.0, , , , , 
frag_075_C09.fsa, BR-010, 20171101_SPP1, MP1_SP, AinD119, B, 199, 199, 198.58, 198.58, 4839, 4839, 47320.0, 47320.0, 1.0, , , , , 
frag_073_D09.fsa, BR-011, 20171101_SPP1, MP1_SP, AinD119, B, 199, 199, 198.58, 198.58, 3912, 3912, 21737.0, 21737.0, 1.0, , , , , 
frag_071_E09.fsa, BR-012, 20171101_SPP1, MP1_SP, AinD119, B, 199, 199, 198.58, 198.58, 2505, 2505, 24292.0, 24292.0, 1.0, , , , , 
frag_069_F09.fsa, BR-013, 20171101_SPP1, MP1_SP, AinD119, B, 199, 199, 198.61, 198.61, 4913, 4913, 29158.0, 29158.0, 1.0, , , , , 
frag_067_G09.fsa, BR-014, 20171101_SPP1, MP1_SP, AinD119, B, 199, 199, 198.77, 198.77, 8955, 8955, 51983.0, 51983.0, 1.0, , , , , 
frag_065_H09.fsa, BR-015, 20171101_SPP1, MP1_SP, AinD119, B, 199, 199, 198.77, 198.77, 4622, 4622, 38876.0, 38876.0, 1.0, , , , , 
frag_080_A10.fsa, BR-016, 20171101_SPP1, MP1_SP, AinD119, B, 199, 199, 198.76, 198.76, 4864, 4864, 38858.0, 38858.0, 1.0, , , , , 
frag_078_B10.fsa, BR-017, 20171101_SPP1, MP1_SP, AinD119, B, 199, 199, 198.61, 198.61, 4323, 4323, 43406.0, 43406.0, 1.0, , , , , 
frag_076_C10.fsa, BR-018, 20171101_SPP1, MP1_SP, AinD119, B, 199, 199, 198.61, 198.61, 3702, 3702, 20325.0, 20325.0, 1.0, , , , , 
frag_074_D10.fsa, BR-019, 20171101_SPP1, MP1_SP, AinD119, B, 199, 199, 198.59, 198.59, 5208, 5208, 44993.0, 44993.0, 1.0, , , , , 
frag_072_E10.fsa, BR-020, 20171101_SPP1, MP1_SP, AinD119, B, 199, 199, 198.58, 198.58, 2176, 2176, 17652.0, 17652.0, 1.0, , , , , 
frag_070_F10.fsa, BR-021, 20171101_SPP1, MP1_SP, AinD119, B, 199, 199, 198.59, 198.59, 7214, 7214, 43206.0, 43206.0, 0.7889, , , , , 
frag_068_G10.fsa, BR-022, 20171101_SPP1, MP1_SP, AinD119, B, 199, 199, 198.77, 198.77, 4719, 4719, 28527.0, 28527.0, 1.0, , , , , 
frag_066_H10.fsa, BR-023, 20171101_SPP1, MP1_SP, AinD119, B, 199, 199, 198.75, 198.75, 4010, 4010, 36313.0, 36313.0, 1.0, , , , , 
frag_095_A11.fsa, BR-024, 20171101_SPP1, MP1_SP, AinD119, B, 199, 199, 198.64, 198.64, 4077, 4077, 43087.0, 43087.0, 1.0, , , , , 
frag_093_B11.fsa, BR-025, 20171101_SPP1, MP1_SP, AinD119, B, 199, 199, 198.79, 198.79, 1809, 1809, 17678.0, 17678.0, 1.0, , , , , 
frag_091_C11.fsa, BR-026, 20171101_SPP1, MP1_SP, AinD119, B, 199, 199, 198.46, 198.46, 3499, 3499, 40239.0, 40239.0, 1.0, , , , , 
frag_089_D11.fsa, BR-027, 20171101_SPP1, MP1_SP, AinD119, B, 199, 199, 198.63, 198.63, 5939, 5939, 36808.0, 36808.0, 1.0, , , , , 
frag_087_E11.fsa, BR-028, 20171101_SPP1, MP1_SP, AinD119, B, 199, 199, 198.64, 198.64, 8011, 8011, 43940.0, 43940.0, 1.0, , , , , 
frag_085_F11.fsa, BR-029, 20171101_SPP1, MP1_SP, AinD119, B, 199, 199, 198.65, 198.65, 9086, 9086, 49399.0, 49399.0, 0.7889, , , , , 
frag_083_G11.fsa, BR-030, 20171101_SPP1, MP1_SP, AinD119, B, 199, 199, 198.79, 198.79, 8411, 8411, 44971.0, 44971.0, 1.0, , , , , 
frag_081_H11.fsa, BR-031, 20171101_SPP1, MP1_SP, AinD119, B, 199, 199, 198.8, 198.8, 7452, 7452, 38279.0, 38279.0, 0.3945, , , , , 
frag_096_A12.fsa, BR-031, 20171101_SPP1, MP1_SP, AinD119, B, 199, 199, 198.8, 198.8, 5120, 5120, 45365.0, 45365.0, 1.0, , , , , 
frag_094_B12.fsa, BR-032, 20171101_SPP1, MP1_SP, AinD119, B, 199, 199, 198.64, 198.64, 7127, 7127, 60534.0, 60534.0, 0.7889, , , , , 
frag_092_C12.fsa, BR-033, 20171101_SPP1, MP1_SP, AinD119, B, 199, 199, 198.78, 198.78, 5474, 5474, 49617.0, 49617.0, 1.0, , , , , 
frag_090_D12.fsa, BR-034, 20171101_SPP1, MP1_SP, AinD119, B, 199, 199, 198.63, 198.63, 6330, 6330, 61805.0, 61805.0, 0.7888, , , , , 
frag_088_E12.fsa, BR-035, 20171101_SPP1, MP1_SP, AinD119, B, 199, 199, 198.78, 198.78, 11093, 11093, 87561.0, 87561.0, 0.7889, , , , , 
frag_086_F12.fsa, BR-036, 20171101_SPP1, MP1_SP, AinD119, B, 199, 199, 198.78, 198.78, 5235, 5235, 46090.0, 46090.0, 1.0, , , , , 
frag_084_G12.fsa, BR-037, 20171101_SPP1, MP1_SP, AinD119, B, 199, 199, 198.78, 198.78, 5861, 5861, 46160.0, 46160.0, 1.0, , , , , 
frag_031_A03.fsa, GL-001, 20171101_SPP1, MP1_SP, AinD119, B, 179, 179, 178.53, 178.53, 10785, 10785, 76919.0, 76919.0, 1.0, , , , , 
frag_029_B03.fsa, GL-002, 20171101_SPP1, MP1_SP, AinD119, B, 179, 199, 178.43, 198.61, 992, 805, 7948.0, 6842.0, 1.0, , , , , 
frag_027_C03.fsa, GL-003, 20171101_SPP1, MP1_SP, AinD119, B, 199, 207, 198.59, 206.44, 2903, 2514, 27290.0, 23639.0, 1.0, , , , , 
frag_025_D03.fsa, GL-004, 20171101_SPP1, MP1_SP, AinD119, B, 199, 199, 198.76, 198.76, 5213, 5213, 47115.0, 47115.0, 1.0, , , , , 
frag_023_E03.fsa, GL-005, 20171101_SPP1, MP1_SP, AinD119, B, 199, 203, 198.75, 202.66, 1923, 1752, 16388.0, 17078.0, 0.3122, , , , , 
frag_021_F03.fsa, GL-006, 20171101_SPP1, MP1_SP, AinD119, B, 199, 199, 198.78, 198.78, 4864, 4864, 36335.0, 36335.0, 1.0, , , , , 
frag_019_G03.fsa, GL-007, 20171101_SPP1, MP1_SP, AinD119, B, 199, 199, 198.76, 198.76, 4910, 4910, 47137.0, 47137.0, 1.0, , , , , 
frag_017_H03.fsa, GL-008, 20171101_SPP1, MP1_SP, AinD119, B, 179, 199, 178.68, 198.47, 2526, 2128, 25884.0, 23198.0, 1.0, , , , , 
frag_032_A04.fsa, GL-009, 20171101_SPP1, MP1_SP, AinD119, B, 179, 199, 178.58, 198.78, 5154, 4298, 25824.0, 21226.0, 1.0, , , , , 
frag_030_B04.fsa, GL-010, 20171101_SPP1, MP1_SP, AinD119, B, 199, 199, 198.6, 198.6, 5431, 5431, 26107.0, 26107.0, 1.0, , , , , 
frag_028_C04.fsa, GL-011, 20171101_SPP1, MP1_SP, AinD119, B, 179, 199, 178.44, 198.74, 5699, 4783, 27031.0, 24073.0, 1.0, , , , , 
frag_026_D04.fsa, GL-012, 20171101_SPP1, MP1_SP, AinD119, B, 199, 207, 198.6, 206.73, 5695, 5212, 27806.0, 24308.0, 1.0, , , , , 
frag_024_E04.fsa, GL-013, 20171101_SPP1, MP1_SP, AinD119, B, 179, 199, 178.39, 198.75, 2498, 1892, 21662.0, 17204.0, 1.0, , , , , 
frag_022_F04.fsa, GL-014, 20171101_SPP1, MP1_SP, AinD119, B, , , , , , , , , 1.0, , , , , 
frag_020_G04.fsa, GL-015, 20171101_SPP1, MP1_SP, AinD119, B, , , , , , , , , 1.0, , , , , 
frag_018_H04.fsa, GL-016, 20171101_SPP1, MP1_SP, AinD119, B, 179, 199, 178.42, 198.6, 1800, 1365, 17166.0, 13684.0, 1.0, , , , , 
frag_047_A05.fsa, GL-017, 20171101_SPP1, MP1_SP, AinD119, B, 179, 179, 178.49, 178.49, 4263, 4263, 26204.0, 26204.0, 1.0, , , , , 
frag_045_B05.fsa, GL-018, 20171101_SPP1, MP1_SP, AinD119, B, 179, 179, 178.5, 178.5, 4650, 4650, 23341.0, 23341.0, 1.0, , , , , 
frag_043_C05.fsa, GL-019, 20171101_SPP1, MP1_SP, AinD119, B, 199, 203, 198.74, 202.84, 957, 908, 7559.0, 7313.0, 0.7889, , , , , 
frag_041_D05.fsa, GL-020, 20171101_SPP1, MP1_SP, AinD119, B, 199, 199, 198.58, 198.58, 3522, 3522, 27239.0, 27239.0, 1.0, , , , , 
frag_039_E05.fsa, GL-021, 20171101_SPP1, MP1_SP, AinD119, B, 199, 199, 198.59, 198.59, 3763, 3763, 35797.0, 35797.0, 1.0, , , , , 
frag_037_F05.fsa, GL-022, 20171101_SPP1, MP1_SP, AinD119, B, 199, 199, 198.77, 198.77, 3283, 3283, 27343.0, 27343.0, 1.0, , , , , 
frag_035_G05.fsa, GL-023, 20171101_SPP1, MP1_SP, AinD119, B, 199, 199, 198.77, 198.77, 7434, 7434, 35779.0, 35779.0, 1.0, , , , , 
frag_033_H05.fsa, GL-024, 20171101_SPP1, MP1_SP, AinD119, B, 203, 203, 202.62, 202.62, 1373, 1373, 12739.0, 12739.0, 1.0, , , , , 
frag_048_A06.fsa, GL-025, 20171101_SPP1, MP1_SP, AinD119, B, 199, 199, 198.61, 198.61, 2054, 2054, 10334.0, 10334.0, 1.0, , , , , 
frag_046_B06.fsa, GL-026, 20171101_SPP1, MP1_SP, AinD119, B, 199, 199, 198.75, 198.75, 4476, 4476, 36004.0, 36004.0, 1.0, , , , , 
frag_044_C06.fsa, GL-027, 20171101_SPP1, MP1_SP, AinD119, B, 199, 199, 198.57, 198.57, 1185, 1185, 10920.0, 10920.0, 1.0, , , , , 
frag_042_D06.fsa, GL-028, 20171101_SPP1, MP1_SP, AinD119, B, 199, 199, 198.58, 198.58, 3886, 3886, 30381.0, 30381.0, 1.0, , , , , 
frag_040_E06.fsa, GL-029, 20171101_SPP1, MP1_SP, AinD119, B, 199, 207, 198.62, 206.68, 483, 500, 2420.0, 2296.0, 1.0, , , , , 
frag_038_F06.fsa, GL-030, 20171101_SPP1, MP1_SP, AinD119, B, 179, 199, 178.6, 198.6, 1020, 875, 8646.0, 8109.0, 0.7888, , , , , 
frag_036_G06.fsa, GL-031, 20171101_SPP1, MP1_SP, AinD119, B, 199, 199, 198.76, 198.76, 3151, 3151, 25907.0, 25907.0, 1.0, , , , , 
frag_034_H06.fsa, GL-032, 20171101_SPP1, MP1_SP, AinD119, B, 199, 199, 198.61, 198.61, 6629, 6629, 56155.0, 56155.0, 0.7889, , , , , 
frag_063_A07.fsa, GL-033, 20171101_SPP1, MP1_SP, AinD119, B, 199, 199, 198.45, 198.45, 4467, 4467, 33672.0, 33672.0, 1.0, , , , , 
frag_061_B07.fsa, GL-034, 20171101_SPP1, MP1_SP, AinD119, B, 179, 199, 178.28, 198.58, 907, 737, 8220.0, 7673.0, 0.7888, , , , , 
frag_059_C07.fsa, GL-035, 20171101_SPP1, MP1_SP, AinD119, B, 179, 199, 178.4, 198.58, 1541, 1166, 15360.0, 12463.0, 0.3944, , , , , 
frag_057_D07.fsa, GL-036, 20171101_SPP1, MP1_SP, AinD119, B, 199, 199, 198.75, 198.75, 4217, 4217, 33514.0, 33514.0, 1.0, , , , , 
frag_055_E07.fsa, GL-037, 20171101_SPP1, MP1_SP, AinD119, B, 199, 199, 198.6, 198.6, 2309, 2309, 18919.0, 18919.0, 1.0, , , , , 
frag_053_F07.fsa, GL-038, 20171101_SPP1, MP1_SP, AinD119, B, 199, 207, 198.77, 206.79, 1433, 1396, 9389.0, 9175.0, 0.6245, , , , , 
frag_051_G07.fsa, GL-039, 20171101_SPP1, MP1_SP, AinD119, B, 199, 199, 198.77, 198.77, 3023, 3023, 27469.0, 27469.0, 1.0, , , , , 
frag_049_H07.fsa, GL-040, 20171101_SPP1, MP1_SP, AinD119, B, 179, 199, 178.62, 198.79, 6195, 5387, 33284.0, 30154.0, 1.0, , , , , 
frag_064_A08.fsa, GL-041, 20171101_SPP1, MP1_SP, AinD119, B, 199, 199, 198.57, 198.57, 1868, 1868, 15909.0, 15909.0, 1.0, , , , , 
frag_082_H12.fsa, NTC, 20171101_SPP1, MP1_SP, AinD119, B, , , , , , , , , 1.0, , , , , 
frag_015_A01.fsa, WVR-035, 20171101_SPP1, MP1_SP, AinD119, B, 199, 203, 198.64, 202.61, 1412, 1403, 13743.0, 14700.0, 0.3944, , , , , 
frag_013_B01.fsa, WVR-036, 20171101_SPP1, MP1_SP, AinD119, B, 203, 203, 202.92, 202.92, 5107, 5107, 48780.0, 48780.0, 1.0, , , , , 
frag_011_C01.fsa, WVR-037, 20171101_SPP1, MP1_SP, AinD119, B, 203, 207, 202.88, 206.82, 2743, 2370, 28228.0, 22920.0, 1.0, , , , , 
frag_009_D01.fsa, WVR-038, 20171101_SPP1, MP1_SP, AinD119, B, 191, 199, 190.79, 198.65, 1805, 1921, 18469.0, 21722.0, 1.0, , , , , 
frag_007_E01.fsa, WVR-039, 20171101_SPP1, MP1_SP, AinD119, B, 191, 199, 190.64, 198.8, 2131, 1984, 22169.0, 21781.0, 0.1561, , , , , 
frag_005_F01.fsa, WVR-040, 20171101_SPP1, MP1_SP, AinD119, B, 203, 207, 202.72, 206.65, 1553, 1416, 18655.0, 15090.0, 1.0, , , , , 
frag_003_G01.fsa, WVR-041, 20171101_SPP1, MP1_SP, AinD119, B, 187, 199, 186.68, 198.66, 2496, 2363, 32058.0, 26026.0, 0.1561, , , , , 
frag_001_H01.fsa, WVR-042, 20171101_SPP1, MP1_SP, AinD119, B, 199, 203, 198.66, 202.84, 2427, 2435, 25726.0, 28982.0, 1.0, , , , , 
frag_016_A02.fsa, WVR-043, 20171101_SPP1, MP1_SP, AinD119, B, 203, 203, 202.63, 202.63, 5630, 5630, 46658.0, 46658.0, 1.0, , , , , 
frag_014_B02.fsa, WVR-044, 20171101_SPP1, MP1_SP, AinD119, B, 199, 203, 198.76, 202.66, 2511, 2309, 22278.0, 22187.0, 0.3122, , , , , 
frag_012_C02.fsa, WVR-045, 20171101_SPP1, MP1_SP, AinD119, B, 199, 203, 198.77, 202.79, 2202, 1899, 18006.0, 16918.0, 0.7889, , , , , 
frag_010_D02.fsa, WVR-046, 20171101_SPP1, MP1_SP, AinD119, B, 203, 203, 202.8, 202.8, 4493, 4493, 51170.0, 51170.0, 1.0, , , , , 
frag_008_E02.fsa, WVR-047, 20171101_SPP1, MP1_SP, AinD119, B, 203, 203, 202.77, 202.77, 4585, 4585, 52233.0, 52233.0, 1.0, , , , , 
frag_006_F02.fsa, WVR-048, 20171101_SPP1, MP1_SP, AinD119, B, 187, 199, 186.59, 198.62, 2966, 2625, 29495.0, 23290.0, 1.0, , , , , 
frag_004_G02.fsa, WVR-049, 20171101_SPP1, MP1_SP, AinD119, B, 199, 203, 198.77, 202.76, 1700, 1586, 16697.0, 17290.0, 1.0, , , , , 
frag_002_H02.fsa, WVR-050, 20171101_SPP1, MP1_SP, AinD119, B, 187, 199, 186.83, 198.81, 3927, 3314, 40907.0, 30533.0, 0.7888, , , , , 
